Nombre,Equipo,Posicion,Precio,Minutos;;;;;
Li. Martinez,Ajax,Defender,10000;;;;;
Gravenberch,Ajax,Midfielder,17000;;;;;
Haller,Ajax,Forward,11000;;;;;
Mazraoui,Ajax,Defender,10000;;;;;
Tadi?,Ajax,Forward,20000;;;;;
Berghuis,Ajax,Forward,22000;;;;;
Antony,Ajax,Forward,20000;;;;;
Blind,Ajax,Defender,11000;;;;;
J. Timber,Ajax,Defender,15000;;;;;
Álvarez,Ajax,Midfielder,13000;;;;;
Pasveer,Ajax,Goalkeeper,9000;;;;;
Klaassen,Ajax,Midfielder,12000;;;;;
Neres,Ajax,Forward,10000;;;;;
Onana,Ajax,Goalkeeper,18000;;;;;
Schuurs,Ajax,Defender,16000;;;;;
Tagliafico,Ajax,Defender,20000;;;;;
Rensch,Ajax,Defender,1000;;;;;
Daramy,Ajax,Midfielder,14000;;;;;
Taylor,Ajax,Midfielder,13000;;;;;
Kudus,Ajax,Midfielder,12000;;;;;
Brobbey,Ajax,Forward,15000;;;;;
Musso,Atalanta,Goalkeeper,15000;;;;;
Muriel,Atalanta,Forward,35000;;;;;
Merih Demiral,Atalanta,Defender,20000;;;;;
Zappacosta,Atalanta,Defender,10000;;;;;
Zapata,Atalanta,Forward,25000;;;;;
Freuler,Atalanta,Midfielder,2000;;;;;
De Roon,Atalanta,Midfielder,24000;;;;;
Koopmeiners,Atalanta,Midfielder,10000;;;;;
Mæhle,Atalanta,Defender,12000;;;;;
Malinovskyi,Atalanta,Midfielder,14000;;;;;
Pašali?,Atalanta,Midfielder,10000;;;;;
Djimsiti,Atalanta,Defender,11000;;;;;
Pessina,Atalanta,Midfielder,13000;;;;;
Tolói,Atalanta,Defender,10000;;;;;
Pezzella,Atalanta,Defender,15000;;;;;
Al. Miranchuk,Atalanta,Forward,1000;;;;;
Gosens,Atalanta,Midfielder,13000;;;;;
Palomino,Atalanta,Defender,16000;;;;;
Ili?i?,Atalanta,Midfielder,17000;;;;;
Lovato,Atalanta,Defender,15000;;;;;
Hateboer,Atalanta,Defender,20000;;;;;
Oblak,Atletico,Goalkeeper,35000;;;;;
Renan Lodi,Atletico,Defender,15000;;;;;
Griezmann,Atletico,Forward,55000;;;;;
Lemar,Atletico,Midfielder,15000;;;;;
De Paul,Atletico,Midfielder,15000;;;;;
Marcos Llorente,Atletico,Midfielder,25000;;;;;
João Félix,Atletico,Forward,18000;;;;;
Luis Suárez,Atletico,Forward,20000;;;;;
Correa,Atletico,Forward,13000;;;;;
Koke,Atletico,Midfielder,17000;;;;;
Kondogbia,Atletico,Midfielder,16000;;;;;
Felipe,Atletico,Defender,11000;;;;;
Carrasco,Atletico,Midfielder,35000;;;;;
Matheus Cunha,Atletico,Forward,30000;;;;;
Herrera,Atletico,Midfielder,20000;;;;;
Giménez,Atletico,Defender,30000;;;;;
Hermoso,Atletico,Defender,11000;;;;;
Savi?,Atletico,Defender,12000;;;;;
Reinildo,Atletico,Defender,15000;;;;;
Vrsaljko,Atletico,Defender,17000;;;;;
Javi Serrano,Atletico,Midfielder,10000;;;;;
Trippier,Atletico,Defender,10000;;;;;
Ter Stegen,Barcelona,Goalkeeper,60000;;;;;
Jordi Alba,Barcelona,Defender,40000;;;;;
Gavi,Barcelona,Midfielder,20000;;;;;
F. de Jong,Barcelona,Midfielder,25000;;;;;
Depay,Barcelona,Forward,20000;;;;;
Sergio Busquets,Barcelona,Midfielder,30000;;;;;
Mingueza,Barcelona,Defender,20000;;;;;
Lenglet,Barcelona,Defender,10000;;;;;
Piqué,Barcelona,Defender,20000;;;;;
Ronald Araújo,Barcelona,Defender,21000;;;;;
Nico González,Barcelona,Midfielder,9000;;;;;
Dest,Barcelona,Defender,13000;;;;;
Eric García,Barcelona,Defender,10000;;;;;
Coutinho,Barcelona,Forward,28000;;;;;
Demir,Barcelona,Forward,13000;;;;;
Fati,Barcelona,Forward,30000;;;;;
Dembélé,Barcelona,Forward,25000;;;;;
Sergi Roberto,Barcelona,Midfielder,10000;;;;;
L. de Jong,Barcelona,Forward,30000;;;;;
Balde,Barcelona,Defender,10000;;;;;
Ricard Puig,Barcelona,Midfielder,10000;;;;;
Agüero,Barcelona,Forward,48000;;;;;
Pedri,Barcelona,Midfielder,27000;;;;;
Neuer,Bayern,Goalkeeper,75000;;;;;
Ulreich,Bayern,Goalkeeper,15000;;;;;
Musiala,Bayern,Midfielder,10000;;;;;
L. Hernández,Bayern,Defender,25000;;;;;
Süle,Bayern,Defender,25000;;;;;
Sané,Bayern,Midfielder,78000;;;;;
Coman,Bayern,Forward,65000;;;;;
Pavard,Bayern,Defender,35000;;;;;
Müller,Bayern,Forward,75000;;;;;
Lewandowski,Bayern,Forward,200000;;;;;
Upamecano,Bayern,Defender,15000;;;;;
Gnabry,Bayern,Forward,45000;;;;;
Sabitzer,Bayern,Midfielder,10000;;;;;
Kimmich,Bayern,Midfielder,35000;;;;;
Davies,Bayern,Midfielder,25000;;;;;
Goretzka,Bayern,Midfielder,35000;;;;;
Sarr,Bayern,Defender,10000;;;;;
Richards,Bayern,Defender,11000;;;;;
Choupo-Moting,Bayern,Midfielder,13000;;;;;
Marc Roca,Bayern,Defender,10000;;;;;
Tolisso,Bayern,Midfielder,13000;;;;;
Tillman,Bayern,Forward,12000;;;;;
Staniši?,Bayern,Defender,10000;;;;;
Nianzou,Bayern,Defender,9000;;;;;
Vlachodimos,Benfica,Goalkeeper,10000;;;;;
Yaremchuk,Benfica,Forward,11000;;;;;
Lázaro,Benfica,Midfielder,10000;;;;;
Núñez,Benfica,Forward,30000;;;;;
Grimaldo,Benfica,Defender,15000;;;;;
Vertonghen,Benfica,Defender,12000;;;;;
Gilberto,Benfica,Defender,11000;;;;;
Weigl,Benfica,Midfielder,18000;;;;;
Rafa Silva,Benfica,Forward,20000;;;;;
Otamendi,Benfica,Defender,35000;;;;;
Taarabt,Benfica,Midfielder,12000;;;;;
João Mário,Benfica,Midfielder,17000;;;;;
André Almeida,Benfica,Defender,19000;;;;;
Everton,Benfica,Forward,20000;;;;;
Pizzi,Benfica,Midfielder,15000;;;;;
Paulo Bernardo,Benfica,Midfielder,14000;;;;;
Gonçalo Ramos,Benfica,Forward,15000;;;;;
Diogo Gonçalves,Benfica,Forward,19000;;;;;
Verissimo,Benfica,Defender,20000;;;;;
Meite,Benfica,Midfielder,15000;;;;;
Morato,Benfica,Defender,12000;;;;;
Gil Dias,Benfica,Midfielder,12000;;;;;
Radonji?,Benfica,Forward,13000;;;;;
Seferovi?,Benfica,Forward,14000;;;;;
Ersin Destano?lu,Besiktas,Goalkeeper,10000;;;;;
Günok,Besiktas,Goalkeeper,12000;;;;;
Salih Uçan,Besiktas,Midfielder,11000;;;;;
Gökhan Töre,Besiktas,Midfielder,15000;;;;;
Hutchinson,Besiktas,Midfielder,18000;;;;;
O?uzhan Özyakup,Besiktas,Midfielder,12000;;;;;
Kenan Karaman,Besiktas,Forward,17000;;;;;
Bozdo?an,Besiktas,Midfielder,11000;;;;;
Necip Uysal,Besiktas,Midfielder,10000;;;;;
Berkay Vardar,Besiktas,Midfielder,13000;;;;;
Rosier,Besiktas,Defender,19000;;;;;
Larin,Besiktas,Forward,11000;;;;;
Ghezzal,Besiktas,Midfielder,10000;;;;;
Batshuayi,Besiktas,Forward,15000;;;;;
Souza,Besiktas,Midfielder,12000;;;;;
Welinton,Besiktas,Defender,11000;;;;;
Montero,Besiktas,Defender,19000;;;;;
Mera?,Besiktas,Defender,11000;;;;;
Alex Teixeira,Besiktas,Midfielder,20000;;;;;
N'Sakala,Besiktas,Defender,21000;;;;;
Mehmet Topal,Besiktas,Midfielder,15000;;;;;
Pjani?,Besiktas,Midfielder,26000;;;;;
R?dvan Y?lmaz,Besiktas,Defender,12000;;;;;
Vida,Besiktas,Defender,19000;;;;;
Serdar Saatç?,Besiktas,Defender,15000;;;;;
N'Koudou,Besiktas,Midfielder,20000;;;;;
Mendy,Chelsea,Goalkeeper,45000;;;;;
Kepa,Chelsea,Goalkeeper,25000;;;;;
Loftus-Cheek,Chelsea,Midfielder,15000;;;;;
Ziyech,Chelsea,Midfielder,15000;;;;;
Rüdiger,Chelsea,Defender,23000;;;;;
Thiago Silva,Chelsea,Defender,40000;;;;;
Azpilicueta,Chelsea,Defender,35000;;;;;
Jorginho,Chelsea,Midfielder,46000;;;;;
A. Christensen,Chelsea,Defender,40000;;;;;
Alonso,Chelsea,Defender,25000;;;;;
Havertz,Chelsea,Forward,35000;;;;;
Mount,Chelsea,Midfielder,35000;;;;;
Lukaku,Chelsea,Forward,48000;;;;;
Hudson-Odoi,Chelsea,Forward,10000;;;;;
Saúl Ñíguez,Chelsea,Midfielder,10000;;;;;
Puliši?,Chelsea,Midfielder,26000;;;;;
James,Chelsea,Defender,15000;;;;;
Kanté,Chelsea,Midfielder,55000;;;;;
Werner,Chelsea,Forward,45000;;;;;
Chilwell,Chelsea,Defender,25000;;;;;
Kova?i?,Chelsea,Midfielder,35000;;;;;
Chalobah,Chelsea,Defender,10000;;;;;
Barkley,Chelsea,Midfielder,11000;;;;;
Sarr,Chelsea,Defender,9000;;;;;
Mignolet,Club Brugge,Goalkeeper,15000;;;;;
Van Der Brempt,Club Brugge,Defender,10000;;;;;
Vormer,Club Brugge,Midfielder,12000;;;;;
Ricca,Club Brugge,Defender,17000;;;;;
Wesley,Club Brugge,Forward,16000;;;;;
Maouassa,Club Brugge,Defender,18000;;;;;
De Ketelaere,Club Brugge,Forward,19000;;;;;
Hendry,Club Brugge,Defender,20000;;;;;
Lang,Club Brugge,Forward,18000;;;;;
Nsoki,Club Brugge,Defender,17000;;;;;
Clinton Mata,Club Brugge,Defender,12000;;;;;
Vanaken,Club Brugge,Midfielder,10000;;;;;
Rits,Club Brugge,Midfielder,17000;;;;;
Sowah,Club Brugge,Forward,10000;;;;;
Balanta,Club Brugge,Midfielder,20000;;;;;
Sobol,Club Brugge,Defender,19000;;;;;
Mbamba-Muanda,Club Brugge,Defender,25000;;;;;
Mechele,Club Brugge,Defender,23000;;;;;
Dost,Club Brugge,Forward,12000;;;;;
Sandra,Club Brugge,Midfielder,25000;;;;;
Izquierdo,Club Brugge,Forward,26000;;;;;
Reus,Dortmund,Midfielder,45000;;;;;
Malen,Dortmund,Forward,15000;;;;;
Haaland,Dortmund,Forward,150000;;;;;
Bellingham,Dortmund,Midfielder,10000;;;;;
Kobel,Dortmund,Goalkeeper,11000;;;;;
Meunier,Dortmund,Defender,9000;;;;;
Witsel,Dortmund,Midfielder,17000;;;;;
Pongra?i?,Dortmund,Defender,12000;;;;;
Wolf,Dortmund,Midfielder,12000;;;;;
Akanji,Dortmund,Defender,11000;;;;;
Brandt,Dortmund,Midfielder,20000;;;;;
Hummels,Dortmund,Defender,30000;;;;;
Dahoud,Dortmund,Midfielder,15000;;;;;
Schulz,Dortmund,Defender,17000;;;;;
Reinier,Dortmund,Forward,18000;;;;;
Guerreiro,Dortmund,Defender,19000;;;;;
T. Hazard,Dortmund,Midfielder,18000;;;;;
Tigges,Dortmund,Forward,15000;;;;;
Zagadou,Dortmund,Defender,14000;;;;;
Emre Can,Dortmund,Defender,11000;;;;;
Passlack,Dortmund,Midfielder,13000;;;;;
Knauff,Dortmund,Midfielder,12000;;;;;
Moukoko,Dortmund,Forward,15000;;;;;
Garmash,Dynamo Kyiv,Midfielder,10000;;;;;
De Pena,Dynamo Kyiv,Midfielder,12000;;;;;
Zabarnyi,Dynamo Kyiv,Defender,11000;;;;;
Shaparenko,Dynamo Kyiv,Midfielder,15000;;;;;
Tsygankov,Dynamo Kyiv,Midfielder,11000;;;;;
Sydorchuk,Dynamo Kyiv,Midfielder,13000;;;;;
Karavaev,Dynamo Kyiv,Defender,12000;;;;;
Syrota,Dynamo Kyiv,Defender,17000;;;;;
Mykolenko,Dynamo Kyiv,Defender,12000;;;;;
Bushchan,Dynamo Kyiv,Goalkeeper,18000;;;;;
K?dziora,Dynamo Kyiv,Defender,14000;;;;;
Buyalskiy,Dynamo Kyiv,Midfielder,18000;;;;;
Tymchyk,Dynamo Kyiv,Defender,15000;;;;;
Vitinho,Dynamo Kyiv,Midfielder,16000;;;;;
Verbi?,Dynamo Kyiv,Midfielder,10000;;;;;
Shkurin,Dynamo Kyiv,Forward,10000;;;;;
Andriyevskiy,Dynamo Kyiv,Midfielder,10000;;;;;
Shabanov,Dynamo Kyiv,Defender,15000;;;;;
Boyko,Dynamo Kyiv,Goalkeeper,20000;;;;;
Supryaha,Dynamo Kyiv,Forward,17000;;;;;
Shepeliev,Dynamo Kyiv,Midfielder,10000;;;;;
Ramírez,Dynamo Kyiv,Forward,18000;;;;;
Lednev,Dynamo Kyiv,Midfielder,12000;;;;;
Džeko,Inter,Forward,25000;;;;;
Škriniar,Inter,Defender,15000;;;;;
Brozovi?,Inter,Midfielder,17000;;;;;
De Vrij,Inter,Defender,16000;;;;;
Alexis Sánchez,Inter,Forward,35000;;;;;
La. Martínez,Inter,Forward,85000;;;;;
Vidal,Inter,Midfielder,27000;;;;;
Handanovi?,Inter,Goalkeeper,20000;;;;;
Bastoni,Inter,Defender,10000;;;;;
Periši?,Inter,Midfielder,25000;;;;;
Dumfries,Inter,Defender,27000;;;;;
Dimarco,Inter,Defender,10000;;;;;
Barella,Inter,Midfielder,15000;;;;;
Çalhano?lu,Inter,Midfielder,12000;;;;;
Gagliardini,Inter,Midfielder,13000;;;;;
Darmian,Inter,Defender,10000;;;;;
D'Ambrosio,Inter,Defender,21000;;;;;
Vecino,Inter,Midfielder,20000;;;;;
Correa,Inter,Forward,25000;;;;;
Ranocchia,Inter,Defender,23000;;;;;
Sensi,Inter,Midfielder,10000;;;;;
Kolarov,Inter,Defender,25000;;;;;
Szcz?sny,Juventus,Goalkeeper,30000;;;;;
De Ligt,Juventus,Defender,35000;;;;;
Bonucci,Juventus,Defender,33000;;;;;
Alex Sandro,Juventus,Defender,20000;;;;;
Locatelli,Juventus,Midfielder,12000;;;;;
Rabiot,Juventus,Midfielder,27000;;;;;
Morata,Juventus,Forward,83000;;;;;
Cuadrado,Juventus,Midfielder,33000;;;;;
Danilo,Juventus,Defender,25000;;;;;
McKennie,Juventus,Midfielder,20000;;;;;
Bentancur,Juventus,Midfielder,26000;;;;;
Chiesa,Juventus,Forward,28000;;;;;
Bernardeschi,Juventus,Midfielder,25000;;;;;
De Sciglio,Juventus,Defender,23000;;;;;
Arthur,Juventus,Midfielder,24000;;;;;
Dybala,Juventus,Forward,33000;;;;;
Vlahovi?,Juventus,Forward,14000;;;;;
Rugani,Juventus,Defender,16000;;;;;
Kean,Juventus,Forward,17000;;;;;
Perin,Juventus,Goalkeeper,10000;;;;;
De Winter,Juventus,Defender,10000;;;;;
Kulusevski,Juventus,Midfielder,10000;;;;;
Ramsey,Juventus,Midfielder,18000;;;;;
Zakaria,Juventus,Midfielder,10000;;;;;
Chiellini,Juventus,Defender,34000;;;;;
Pellegrini,Juventus,Defender,17000;;;;;
Da Graca,Juventus,Forward,5000;;;;;
Miretti,Juventus,Midfielder,5000;;;;;
Fonte,LOSC,Defender,10000;;;;;
David,LOSC,Forward,25000;;;;;
André,LOSC,Midfielder,18000;;;;;
Zeki Çelik,LOSC,Defender,12000;;;;;
Grbi?,LOSC,Goalkeeper,17000;;;;;
Tiago Djaló,LOSC,Defender,20000;;;;;
Burak Y?lmaz,LOSC,Forward,13000;;;;;
Bamba,LOSC,Forward,24000;;;;;
Reinildo,LOSC,Defender,22000;;;;;
Xeka,LOSC,Midfielder,18000;;;;;
Botman,LOSC,Defender,350000;;;;;
Renato Sanches,LOSC,Midfielder,29000;;;;;
Ikoné,LOSC,Forward,18000;;;;;
Onana,LOSC,Midfielder,23000;;;;;
Weah,LOSC,Forward,28000;;;;;
Gudmundsson,LOSC,Defender,11000;;;;;
Leo Jardim,LOSC,Goalkeeper,12000;;;;;
Gomes,LOSC,Midfielder,19000;;;;;
Yusuf Yaz?c?,LOSC,Midfielder,11000;;;;;
Lihadji,LOSC,Forward,10000;;;;;
Ben Arfa,LOSC,Midfielder,10000;;;;;
Bradari?,LOSC,Defender,17000;;;;;
Zhegrova,LOSC,Midfielder,19000;;;;;
Nkunku,Leipzig,Midfielder,28000;;;;;
Mukiele,Leipzig,Defender,12000;;;;;
Gulácsi,Leipzig,Goalkeeper,13000;;;;;
Angeliño,Leipzig,Defender,20000;;;;;
André Silva,Leipzig,Forward,25000;;;;;
Laimer,Leipzig,Midfielder,18000;;;;;
Forsberg,Leipzig,Forward,17000;;;;;
Klostermann,Leipzig,Defender,19000;;;;;
Gvardiol,Leipzig,Defender,20000;;;;;
Orbán,Leipzig,Defender,10000;;;;;
Simakan,Leipzig,Defender,13000;;;;;
Adams,Leipzig,Midfielder,14000;;;;;
Kampl,Leipzig,Midfielder,19000;;;;;
Szoboszlai,Leipzig,Midfielder,17000;;;;;
Haidara,Leipzig,Midfielder,20000;;;;;
Poulsen,Leipzig,Forward,28000;;;;;
Brobbey,Leipzig,Forward,23000;;;;;
Martínez,Leipzig,Goalkeeper,20000;;;;;
Olmo,Leipzig,Forward,19000;;;;;
Moriba,Leipzig,Midfielder,10000;;;;;
Henrichs,Leipzig,Defender,12000;;;;;
Novoa,Leipzig,Forward,10000;;;;;
Bonnah,Leipzig,Defender,5000;;;;;
Alisson Becker,Liverpool,Goalkeeper,35000;;;;;
Salah,Liverpool,Forward,150000;;;;;
Fabinho,Liverpool,Midfielder,35000;;;;;
Robertson,Liverpool,Defender,30000;;;;;
Mané,Liverpool,Forward,95000;;;;;
Van Dijk,Liverpool,Defender,50000;;;;;
Alexander-Arnold,Liverpool,Defender,48000;;;;;
Konaté,Liverpool,Defender,35000;;;;;
Henderson,Liverpool,Midfielder,30000;;;;;
Matip,Liverpool,Defender,37000;;;;;
Thiago Alcántara,Liverpool,Midfielder,40000;;;;;
Diogo Jota,Liverpool,Forward,28000;;;;;
Keïta,Liverpool,Midfielder,20000;;;;;
Luis Díaz,Liverpool,Forward,70000;;;;;
Tsimikas,Liverpool,Defender,24000;;;;;
Firmino,Liverpool,Forward,57000;;;;;
Oxlade-Chamberlain,Liverpool,Midfielder,12000;;;;;
Gomez,Liverpool,Defender,14000;;;;;
Minamino,Liverpool,Midfielder,18000;;;;;
Milner,Liverpool,Midfielder,13000;;;;;
Origi,Liverpool,Forward,12000;;;;;
Jones,Liverpool,Midfielder,17000;;;;;
N. Williams,Liverpool,Defender,11000;;;;;
Morton,Liverpool,Midfielder,10000;;;;;
Phillips,Liverpool,Defender,10000;;;;;
Elliott,Liverpool,Midfielder,8000;;;;;
Woltman,Liverpool,Midfielder,5000;;;;;
Bradley,Liverpool,Midfielder,5000;;;;;
?olak,Malmo,Forward,10000;;;;;
Innocent,Malmo,Midfielder,11000;;;;;
L. Nielsen,Malmo,Defender,12000;;;;;
Brorsson,Malmo,Defender,10000;;;;;
Berget,Malmo,Midfielder,8000;;;;;
Ahmedhodži?,Malmo,Defender,12000;;;;;
Birman?evi?,Malmo,Midfielder,20000;;;;;
Christiansen,Malmo,Midfielder,11000;;;;;
Dahlin,Malmo,Goalkeeper,90000;;;;;
M. Olsson,Malmo,Defender,70000;;;;;
Peña,Malmo,Midfielder,17000;;;;;
Larsson,Malmo,Defender,15000;;;;;
Rakip,Malmo,Midfielder,12000;;;;;
Diawara,Malmo,Goalkeeper,8000;;;;;
Rieks,Malmo,Midfielder,7000;;;;;
Moisander,Malmo,Defender,6000;;;;;
Lewicki,Malmo,Midfielder,5000;;;;;
Abubakari,Malmo,Forward,5000;;;;;
Nanasi,Malmo,Forward,7000;;;;;
Nali?,Malmo,Midfielder,5000;;;;;
Eile,Malmo,Defender,3000;;;;;
Ederson,Man City,Goalkeeper,35000;;;;;
Mahrez,Man City,Midfielder,55000;;;;;
Bernardo Silva,Man City,Midfielder,50000;;;;;
Rodri,Man City,Midfielder,38000;;;;;
João Cancelo,Man City,Defender,20000;;;;;
Laporte,Man City,Defender,25000;;;;;
De Bruyne,Man City,Midfielder,65000;;;;;
Rúben Dias,Man City,Defender,20000;;;;;
Gündo?an,Man City,Midfielder,27000;;;;;
Foden,Man City,Midfielder,30000;;;;;
Stones,Man City,Defender,19000;;;;;
Sterling,Man City,Midfielder,48000;;;;;
Walker,Man City,Defender,20000;;;;;
Zinchenko,Man City,Defender,15000;;;;;
Grealish,Man City,Midfielder,35000;;;;;
Jesus,Man City,Forward,45000;;;;;
Fernandinho,Man City,Midfielder,37000;;;;;
Aké,Man City,Defender,25000;;;;;
Egan-Riley,Man City,Defender,35000;;;;;
Steffen,Man City,Goalkeeper,20000;;;;;
Ferran Torres,Man City,Forward,23000;;;;;
McAtee,Man City,Midfielder,10000;;;;;
Palmer,Man City,Midfielder,8000;;;;;
Carson,Man City,Goalkeeper,5000;;;;;
Delap,Man City,Forward,3000;;;;;
Mbete,Man City,Defender,3000;;;;;
De Gea,Man United,Goalkeeper,45000;;;;;
Ronaldo,Man United,Forward,250000;;;;;
Maguire,Man United,Defender,19000;;;;;
Bruno Fernandes,Man United,Midfielder,48000;;;;;
Fred,Man United,Midfielder,30000;;;;;
Lindelöf,Man United,Defender,20000;;;;;
Wan-Bissaka,Man United,Defender,25000;;;;;
McTominay,Man United,Midfielder,25000;;;;;
Shaw,Man United,Defender,20000;;;;;
Sancho,Man United,Midfielder,35000;;;;;
Varane,Man United,Defender,40000;;;;;
Pogba,Man United,Midfielder,45000;;;;;
Greenwood,Man United,Forward,40000;;;;;
Alex Telles,Man United,Defender,23000;;;;;
Rashford,Man United,Forward,50000;;;;;
Dalot,Man United,Defender,20000;;;;;
Van de Beek,Man United,Midfielder,19000;;;;;
Mati?,Man United,Midfielder,15000;;;;;
Bailly,Man United,Defender,20000;;;;;
Elanga,Man United,Forward,24000;;;;;
Lingard,Man United,Midfielder,27000;;;;;
Mata,Man United,Midfielder,36000;;;;;
Cavani,Man United,Forward,50000;;;;;
Diallo,Man United,Midfielder,15000;;;;;
Henderson,Man United,Goalkeeper,25000;;;;;
Martial,Man United,Forward,35000;;;;;
Mengi,Man United,Defender,5000;;;;;
Shoretire,Man United,Forward,5000;;;;;
Heaton,Man United,Goalkeeper,5000;;;;;
Savage,Man United,Midfielder,69420;;;;;
Iqbal,Man United,Midfielder,3000;;;;;
T. Hernández,Milan,Defender,20000;;;;;
Saelemaekers,Milan,Midfielder,22000;;;;;
Tomori,Milan,Defender,38000;;;;;
Romagnoli,Milan,Defender,27000;;;;;
Bennacer,Milan,Midfielder,29000;;;;;
Brahim Díaz,Milan,Midfielder,30000;;;;;
Tonali,Milan,Midfielder,28000;;;;;
Kessie,Milan,Midfielder,20000;;;;;
Calabria,Milan,Defender,19000;;;;;
Rafael Leão,Milan,Forward,38000;;;;;
Kjær,Milan,Defender,35000;;;;;
T?t?ru?anu,Milan,Goalkeeper,27000;;;;;
Maignan,Milan,Goalkeeper,20000;;;;;
Giroud,Milan,Forward,60000;;;;;
Kruni?,Milan,Midfielder,25000;;;;;
Kalulu,Milan,Defender,20000;;;;;
Ibrahimovi?,Milan,Forward,80000;;;;;
Rebi?,Milan,Forward,12000;;;;;
Junior Messias,Milan,Forward,29000;;;;;
Ballo,Milan,Defender,27000;;;;;
Florenzi,Milan,Defender,22000;;;;;
Bakayoko,Milan,Midfielder,10000;;;;;
Maldini,Milan,Forward,8000;;;;;
Marquinhos,Paris,Defender,60000;;;;;
Hakimi,Paris,Defender,61000;;;;;
Mbappé,Paris,Forward,150000;;;;;
Messi,Paris,Forward,250000;;;;;
Kimpembe,Paris,Defender,45000;;;;;
Nuno Mendes,Paris,Defender,48000;;;;;
Neymar,Paris,Forward,200000;;;;;
Donnarumma,Paris,Goalkeeper,65000;;;;;
Verratti,Paris,Midfielder,69000;;;;;
Gueye,Paris,Midfielder,20000;;;;;
Danilo,Paris,Midfielder,23000;;;;;
Herrera,Paris,Midfielder,30000;;;;;
Paredes,Paris,Midfielder,35000;;;;;
Navas,Paris,Goalkeeper,68000;;;;;
Wijnaldum,Paris,Midfielder,62000;;;;;
Di María,Paris,Forward,100000;;;;;
Diallo,Paris,Defender,40000;;;;;
Draxler,Paris,Forward,68000;;;;;
Kehrer,Paris,Defender,31000;;;;;
Icardi,Paris,Forward,55000;;;;;
Dina Ebimbe,Paris,Midfielder,56000;;;;;
Diogo Costa,Porto,Goalkeeper,20000;;;;;
Luis Díaz,Porto,Forward,70000;;;;;
Taremi,Porto,Forward,25000;;;;;
Otávio,Porto,Midfielder,26000;;;;;
Mbemba,Porto,Defender,24000;;;;;
Zaidu,Porto,Defender,22000;;;;;
João Mário,Porto,Forward,180000;;;;;
Pepe,Porto,Defender,45000;;;;;
Gruji?,Porto,Midfielder,27000;;;;;
Evanilson,Porto,Forward,35000;;;;;
Sérgio Oliveira,Porto,Midfielder,38000;;;;;
Uribe,Porto,Midfielder,30000;;;;;
Vitinha,Porto,Midfielder,25000;;;;;
Corona,Porto,Forward,22000;;;;;
Fábio Cardoso,Porto,Defender,26000;;;;;
Toni Martínez,Porto,Forward,29000;;;;;
Wendell,Porto,Defender,28000;;;;;
Marcano,Porto,Defender,17000;;;;;
Fábio Vieira,Porto,Midfielder,15000;;;;;
Francisco Conceição,Porto,Forward,12000;;;;;
Pepê,Porto,Forward,8000;;;;;
Bruno Costa,Porto,Midfielder,5000;;;;;
Courtois,Real Madrid,Goalkeeper,100000;;;;;
Vinícius Júnior,Real Madrid,Forward,120000;;;;;
Benzema,Real Madrid,Forward,150000;;;;;
Modri?,Real Madrid,Midfielder,100000;;;;;
Éder Militão,Real Madrid,Defender,75000;;;;;
Alaba,Real Madrid,Defender,50000;;;;;
Carvajal,Real Madrid,Defender,450000;;;;;
Casemiro,Real Madrid,Midfielder,95000;;;;;
Kroos,Real Madrid,Midfielder,85000;;;;;
Mendy,Real Madrid,Defender,62000;;;;;
Valverde,Real Madrid,Midfielder,50000;;;;;
Nacho,Real Madrid,Defender,45000;;;;;
Rodrygo,Real Madrid,Forward,32000;;;;;
Lucas Vázquez,Real Madrid,Midfielder,39000;;;;;
Camavinga,Real Madrid,Midfielder,45000;;;;;
Asensio,Real Madrid,Forward,30000;;;;;
Jovi?,Real Madrid,Forward,25000;;;;;
Marcelo,Real Madrid,Defender,45000;;;;;
E. Hazard,Real Madrid,Forward,45000;;;;;
Miguel Gutiérrez,Real Madrid,Defender,20000;;;;;
Ceballos,Real Madrid,Midfielder,21000;;;;;
Mariano Díaz,Real Madrid,Forward,17000;;;;;
Vallejo,Real Madrid,Defender,15000;;;;;
Bale,Real Madrid,Forward,70000;;;;;
Blanco,Real Madrid,Midfielder,10000;;;;;
Kristensen,Salzburg,Defender,25000;;;;;
Köhn,Salzburg,Goalkeeper,20000;;;;;
Ulmer,Salzburg,Defender,28000;;;;;
Aaronson,Salzburg,Midfielder,29000;;;;;
Camara,Salzburg,Midfielder,30000;;;;;
Seiwald,Salzburg,Midfielder,22000;;;;;
Adeyemi,Salzburg,Forward,27000;;;;;
Wöber,Salzburg,Defender,29000;;;;;
Su?i?,Salzburg,Midfielder,35000;;;;;
Onguéné,Salzburg,Defender,30000;;;;;
Okafor,Salzburg,Midfielder,25000;;;;;
Solet,Salzburg,Defender,28000;;;;;
Capaldo,Salzburg,Midfielder,26000;;;;;
Šeško,Salzburg,Forward,23000;;;;;
Adamu,Salzburg,Forward,15000;;;;;
Pi?tkowski,Salzburg,Defender,20000;;;;;
Kjærgaard,Salzburg,Midfielder,15000;;;;;
Bernardo,Salzburg,Defender,16000;;;;;
Tijani,Salzburg,Midfielder,10000;;;;;
Šimi?,Salzburg,Forward,8000;;;;;
Guindo,Salzburg,Defender,5000;;;;;
Fernando,Sevilla,Midfielder,30000;;;;;
Bounou,Sevilla,Goalkeeper,28000;;;;;
Diego Carlos,Sevilla,Defender,25000;;;;;
Ocampos,Sevilla,Forward,35000;;;;;
Koundé,Sevilla,Defender,30000;;;;;
Acuña,Sevilla,Defender,28000;;;;;
Jesús Navas,Sevilla,Forward,30000 ;;;;;
Jordán,Sevilla,Midfielder,31000 ;;;;;
Gómez,Sevilla,Forward,32000;;;;;
Rakiti?,Sevilla,Midfielder,90000 ;;;;;
Rafa Mir,Sevilla,Forward,45000;;;;;
Suso,Sevilla,Forward,32000;;;;;
Munir,Sevilla,Forward,38000;;;;;
Delaney,Sevilla,Midfielder,28000 ;;;;;
Montiel,Sevilla,Defender,35000 ;;;;;
Óliver Torres,Sevilla,Midfielder,31000 ;;;;;
Rekik,Sevilla,Defender,25000;;;;;
Lamela,Sevilla,Midfielder,22000 ;;;;;
En-Nesyri,Sevilla,Forward,17000 ;;;;;
Augustinsson,Sevilla,Defender,16000 ;;;;;
Óscar Rodríguez,Sevilla,Midfielder,15000;;;;;
Iván Romero,Sevilla,Forward,10000 ;;;;;
Dodô,Shakhtar,Defender,10000;;;;;
Maycon,Shakhtar,Midfielder,30000;;;;;
Marlon,Shakhtar,Defender,22000;;;;;
Tetê,Shakhtar,Forward,18000;;;;;
Matviyenko,Shakhtar,Defender,20000;;;;;
Ismaily,Shakhtar,Defender,15000;;;;;
Fernando,Shakhtar,Forward,19000;;;;;
Pedrinho,Shakhtar,Midfielder,30000;;;;;
Solomon,Shakhtar,Midfielder,12000;;;;;
Trubin,Shakhtar,Goalkeeper,17000;;;;;
Alan Patrick,Shakhtar,Midfielder,23000;;;;;
Pyatov,Shakhtar,Goalkeeper,16000;;;;;
Marcos Antônio,Shakhtar,Midfielder,12000;;;;;
Stepanenko,Shakhtar,Midfielder,17000;;;;;
Marlos,Shakhtar,Midfielder,18000;;;;;
Kryvtsov,Shakhtar,Defender,13000;;;;;
Mudryk,Shakhtar,Midfielder,15000;;;;;
Mudryk,Shakhtar,Midfielder,13000;;;;;
Traoré,Shakhtar,Forward,12000;;;;;
Bondar,Shakhtar,Defender,17000;;;;;
Vitão,Shakhtar,Defender,19000;;;;;
Bondarenko,Shakhtar,Midfielder,10000;;;;;
Korniienko,Shakhtar,Defender,9000;;;;;
Sudakov,Shakhtar,Midfielder,8000;;;;;
Dentinho,Shakhtar,Midfielder,5000;;;;;
Shevchenko,Shakhtar,Goalkeeper,1000;;;;;
Cristiano,Sheriff,Defender,21000;;;;;
Fernando Costanza,Sheriff,Defender,15000;;;;;
Arboleda,Sheriff,Defender,15000;;;;;
Dulanto,Sheriff,Defender,12000;;;;;
Traoré,Sheriff,Forward,30000;;;;;
Addo,Sheriff,Midfielder,20000;;;;;
Athanasiadis,Sheriff,Goalkeeper,12000;;;;;
Kolovos,Sheriff,Midfielder,13000;;;;;
Castañeda,Sheriff,Midfielder,10000;;;;;
Bruno,Sheriff,Forward,25000;;;;;
Yakhshiboev,Sheriff,Forward,25000;;;;;
Yansané,Sheriff,Forward,26000;;;;;
Nikolov,Sheriff,Midfielder,27000;;;;;
Celeadnic,Sheriff,Goalkeeper,10000;;;;;
Radelji?,Sheriff,Defender,8000;;;;;
Julien,Sheriff,Defender,7000;;;;;
Cojocaru,Sheriff,Midfielder,5000;;;;;
Cojocari,Sheriff,Defender,500;;;;;
S. Thill,Sheriff,Midfielder,25000;;;;;
Adán,Sporting,Goalkeeper,20000 ;;;;;
Matheus Reis,Sporting,Defender,18000;;;;;
Paulinho,Sporting,Forward,30000;;;;;
Gonçalo Inácio,Sporting,Defender,15000;;;;;
Coates,Sporting,Defender,28000;;;;;
João Palhinha,Sporting,Midfielder,15000;;;;;
Pedro Porro,Sporting,Defender,23000;;;;;
Sarabia,Sporting,Forward,30000;;;;;
Matheus Nunes,Sporting,Midfielder,10000;;;;;
Feddal,Sporting,Defender,12000;;;;;
Ricardo Esgaio,Sporting,Defender,17000;;;;;
Luís Neto,Sporting,Defender,10000;;;;;
Pedro Gonçalves,Sporting,Midfielder,20000;;;;;
Nuno Santos,Sporting,Forward,40000;;;;;
Ugarte,Sporting,Midfielder,23000;;;;;
Bruno Tabata,Sporting,Midfielder,15000;;;;;
Tiago Tomás,Sporting,Forward,11000;;;;;
Daniel Bragança,Sporting,Midfielder,17000;;;;;
Slimani,Sporting,Forward,16000;;;;;
João Virginia,Sporting,Goalkeeper,12000;;;;;
Jovane Cabral,Sporting,Forward,11000;;;;;
Esteves,Sporting,Defender,18000;;;;;
Rúben Vinagre,Sporting,Defender,17000;;;;;
Edwards,Sporting,Forward,7000;;;;;
Flávio Nazinho,Sporting,Defender,6000;;;;;
Dário Essugo,Sporting,Midfielder,3000;;;;;
Rodrigo Ribeiro,Sporting,Forward,500;;;;;
Pau Torres,Villarreal,Defender,35000;;;;;
Rulli,Villarreal,Goalkeeper,30000;;;;;
Parejo,Villarreal,Midfielder,45000;;;;;
Capoue,Villarreal,Midfielder,55000;;;;;
Albiol,Villarreal,Defender,50000;;;;;
Danjuma,Villarreal,Midfielder,55000;;;;;
Foyth,Villarreal,Defender,25000;;;;;
Estupiñán,Villarreal,Defender,25000;;;;;
Gerard Moreno,Villarreal,Forward,37000;;;;;
Lo Celso,Villarreal,Midfielder,30000;;;;;
Coquelin,Villarreal,Midfielder,26000;;;;;
Pedraza,Villarreal,Midfielder,27000;;;;;
Pino,Villarreal,Forward,32000;;;;;
Trigueros,Villarreal,Midfielder,30000;;;;;
Moreno,Villarreal,Defender,28000;;;;;
Chukwueze,Villarreal,Midfielder,36000;;;;;
Dia,Villarreal,Forward,25000;;;;;
Moi Gómez,Villarreal,Midfielder,22000;;;;;
Aurier,Villarreal,Defender,23000;;;;;
Mario Gaspar,Villarreal,Defender,20000;;;;;
Alcácer,Villarreal,Forward,16000;;;;;
Mandi,Villarreal,Defender,14000;;;;;
Peña,Villarreal,Defender,8000;;;;;
Raba,Villarreal,Midfielder,5000;;;;;
Iborra,Villarreal,Midfielder,2000;;;;;
Arnold,Wolfsburg,Midfielder,23000;;;;;
Lacroix,Wolfsburg,Defender,15000;;;;;
Casteels,Wolfsburg,Goalkeeper,16000;;;;;
Guilavogui,Wolfsburg,Midfielder,20000;;;;;
Baku,Wolfsburg,Midfielder,25000;;;;;
Weghorst,Wolfsburg,Forward,19000;;;;;
Roussillon,Wolfsburg,Defender,20000;;;;;
Vranckx,Wolfsburg,Midfielder,10000;;;;;
Brooks,Wolfsburg,Defender,10000;;;;;
Mbabu,Wolfsburg,Defender,20000;;;;;
L. Nmecha,Wolfsburg,Forward,35000;;;;;
Lukebakio,Wolfsburg,Forward,25000;;;;;
Steffen,Wolfsburg,Midfielder,35000;;;;;
Bornauw,Wolfsburg,Defender,18000;;;;;
Gerhardt,Wolfsburg,Midfielder,17000;;;;;
Paulo Otávio,Wolfsburg,Defender,16000;;;;;
Waldschmidt,Wolfsburg,Forward,15000;;;;;
Philipp,Wolfsburg,Forward,12000;;;;;
Pervan,Wolfsburg,Goalkeeper,12000;;;;;
F. Nmecha,Wolfsburg,Midfielder,7000;;;;;
Ginczek,Wolfsburg,Forward,2000;;;;;
Ngamaleu,Young Boys,Midfielder,25000;;;;;
Aebischer,Young Boys,Midfielder,20000;;;;;
Elia,Young Boys,Forward,23000;;;;;
Lauper,Young Boys,Midfielder,18000;;;;;
Garcia,Young Boys,Defender,16000;;;;;
C. Martins Pereira,Young Boys,Midfielder,15000;;;;;
Hefti,Young Boys,Defender,25000;;;;;
Camara,Young Boys,Defender,15000;;;;;
Siebatcheu,Young Boys,Forward,30000;;;;;
Rieder,Young Boys,Midfielder,25000;;;;;
Faivre,Young Boys,Goalkeeper,15000;;;;;
Von Ballmoos,Young Boys,Goalkeeper,12000;;;;;
Fassnacht,Young Boys,Midfielder,18000;;;;;
Sierro,Young Boys,Midfielder,22000;;;;;
Bürgy,Young Boys,Defender,17000;;;;;
Lefort,Young Boys,Defender,15000;;;;;
Maceiras,Young Boys,Defender,15000;;;;;
Lustenberger,Young Boys,Defender,14000;;;;;
Kanga,Young Boys,Forward,12000;;;;;
Mambimbi,Young Boys,Forward,11000;;;;;
Spielmann,Young Boys,Midfielder,10000;;;;;
Sulejmani,Young Boys,Midfielder,9000;;;;;
Maier,Young Boys,Midfielder,3000;;;;;
Zesiger,Young Boys,Defender,1000;;;;;
Barrios,Zenit,Midfielder,25000;;;;;
Rakitskyy,Zenit,Defender,27000;;;;;
Wendel,Zenit,Midfielder,29000;;;;;
Claudinho,Zenit,Midfielder,35000;;;;;
Douglas Santos,Zenit,Defender,27000;;;;;
Chistiakov,Zenit,Defender,23000;;;;;
Malcom,Zenit,Forward,22000;;;;;
Kritsyuk,Zenit,Goalkeeper,22000;;;;;
Lovren,Zenit,Defender,20000;;;;;
Azmoun,Zenit,Forward,37000;;;;;
Karavaev,Zenit,Defender,27000;;;;;
Sutormin,Zenit,Midfielder,20000;;;;;
Dzyuba,Zenit,Forward,20000;;;;;
Kuzyaev,Zenit,Midfielder,17000;;;;;
M. Kerzhakov,Zenit,Goalkeeper,16000;;;;;
Mostovoy,Zenit,Midfielder,13000;;;;;
Erokhin,Zenit,Midfielder,11000;;;;;
Krugovoi,Zenit,Defender,10000;;;;;
Kravtsov,Zenit,Midfielder,8000;;;;;
Ozdoev,Zenit,Midfielder,6000;;;;;
Kuznetsov,Zenit,Forward,2000;;;;;
